{"brought to you by humans.": {"p": ["a . k . a", "People who dislike standing in lines at banks and being told to  back after lunch break just as much as you do."]}, "A team you can bank on": {"p": ["Peek into any meeting at Jupiter and you hear one word stand out  ser. Everything we do, every feature we build, is centred around what problems you face, why they exist, and how we can solve them. And every answer we find helps us make your banking experience that much nicer."]}, "On Jupiter, we all equals": {"p": ["Jupiter is proud to be an equal opportunity employer and we are committed to equal employment opportunity regardless of race, color, ancestry, religion, sex, national origin, sexual orientation, age, citizenship, marital status, disability, gender identity or Veteran status. We celebrate diversity and inclusion.", "View our EEO Policy"]}, "Sign up to": {"p": []}, "stay notified": {"p": []}, "Jitendra Gupta": {"p": ["Founder &amp; CEO", "Best known as Citrus Pays founder even after selling it in 2016. Believes that banking needs reimagining. Always up for Poker, movies and interesting fintech ideas!"]}, "Anupam Bagchi": {"p": ["CBO", "An industry veteran who knows banks like the back of his hand, Anupam bleeds digital banking and sees opportunities where most people see impossibilities."]}, "Salil Datar": {"p": ["COO", "25+ years of experience in financial services and always up for a good challenge. When life throws him lemons, hes learnt how to squeeze out a fresh lemonade."]}, "Venkat Srinivasan": {"p": ["CRO", "A trained method actor, avid traveller and a student of Economics &amp; Statistics. Its no surprise that Venkat believes in both probabilities and serendipities."]}, "Vivek YS": {"p": ["VP, Data Science", "A master at finding diamonds in the data mine. It all began with Star Trek, Commander Data, and a curiosity to figure out how capitalism can create a world like Star Trek."]}, "Jayesh Sidhwani": {"p": ["Chief Architect", "Weekday coder, weekend golfer, all-time hustler. Legend goes that Jayeshs smile is an effective replacement for most keys in the world."]}, "Nihar Gupta": {"p": ["Head of Banking &amp; Payments", "A prodigy in digital banking &amp; payments, Nihar is breathing new life into the space at Jupiter. As a sports enthusiast, he knows the secret to all triumphs is perseverance."]}, "Chirag Heda": {"p": ["Head of Investments", "Jumped the worlds highest bungee, penguin-walked 7 days on a frozen river, and solo travelled China. He calls it ndulging in the occasional adventure."]}, "Piyush Kabra": {"p": ["VP, Finance", "When Piyush isn working with numbers, hes out exploring new restaurants."]}, "Kedar Nimkar": {"p": ["VP, Design", "Whether in design or products, Kedar is all about first principles and understanding the users larger context. Also appreciates jazz and hindustani music equally."]}, "Rinky Jain": {"p": ["Lead, HR", "Rinky loves figuring out people and what makes them tick, just as much as she loves tea, dancing and collecting shoes."]}, "Juno": {"p": ["Lead Doggo", "Juno will guide you when you lost, help you when you down and celebrate when you awesome! Coming Soon!"]}, "p": ["", "", "Card", "Community", "Roadmap", "Portfolio Analyser", "Team", "Blog", "Contact Us"]}